Primer Name, Primer Sequence 5'-3', Direction, Annealing Temperature (C), Primer Length (NT), Clamp Length (NT), Core length (NT(AA)), Degeneracy, Primer Location (AA), Primer Location (NT), Primer AA Sequence, Clamp Score
VFGE-F 32x, ACTCCTCTTCTGTATTCTCTGgtnttyggnga, forward, N/A, 32, 21, 11(4), 32, 179-189, 535-566, TPLLYSLVFGE, 62
VFGE-R 64x, CAGACGTAGCATCATTAACAACACCytcnccraanac, reverse, N/A, 37, 25, 12(4), 64, 186-198, 556-592, VFGEGVVNDATSV, 73
YMLA-F 16x, TATGATGCTGATGGCTTATTTCTCTtayatgytngc, forward, N/A, 36, 25, 11(4), 16, 263-275, 789-824, LMmLmAYLSYMLA, 68
MLAE-F 32x, GATGCTGATGGCTTATTTCTCTTATatgytngcnga, forward, N/A, 36, 25, 11(4), 32, 264-276, 792-827, MmLmAYLSYMLAE, 70
GIVM-F 48x, TGGTATTCTGACTGTCTTCTTCTGTggnathgtnat, forward, N/A, 36, 25, 11(4), 48, 281-293, 843-878, SGILTVFFCGIVM, 69
AETF-F 32x, TGCCTTTGCTATGATGTCCTTTCTTgcngaracntt, forward, N/A, 36, 25, 11(4), 32, 311-323, 933-968, HfFAllSFLAETF, 60
YMLA-R 64x, GAATACCAGACAGAGCAAATAGTTCngcnarcatrta, reverse, N/A, 37, 25, 12(4), 64, 272-284, 814-850, YMLAELFsLSGIL, 64
MLAE-R 64x, TCAGAATACCAGACAGAGCAAATAGytcngcnarcat, reverse, N/A, 37, 25, 12(4), 64, 273-285, 817-853, MLAELFsLSGILT, 63
GIVM-R 48x, TAACATTATGCCAAGTATAATGTGTcatnacdatncc, reverse, N/A, 37, 25, 12(4), 48, 290-302, 868-904, GIVMSHYTwhNVT, 68
AETF-R 64x, CATCCATTCCCACATAAAGAAAGATraangtytcngc, reverse, N/A, 37, 25, 12(4), 64, 320-332, 958-994, AETFIFLYVGmDA, 74
